{
	"name" : "Subsystem51(ML_Yaw_Motor)",
	"subsystem id" : 5,
	"joint id" : "revolute",
	"parent id" : 0,
	"child id" : 1,
	"flag contact" : false,
	"flag motion" : false,
	"qj" : 0.0,
	"Cij" : [
		[-3.67320510334657e-6, -0.999999999993254, 0.0],
		[0.999999999993254, -3.67320510334657e-6, 0.0],
		[0.0, 0.0, 1.0]
	],
	"Cjj" : [
		[3.59975337357348e-6, 0.999999999990003, -2.65257302157376e-6],
		[0.0276801372878986, 0.0000025519149718227, 0.999616831587589],
		[0.999616831584365, -3.67179764719159e-6, -0.0276801372784356]
	],
	"sijp" : [-0.3439, 0.817, -0.0055],
	"sjcp" : null,
	"rhojp" : [-0.0000102788, 0.00475402, 0.0054298],
	"dqj" : 0.0,
	"mj" : 10.2975957499957,
	"Jjcp" : [
		[0.0258808311935291, 0.0, 0.0],
		[0.0, 0.0259459317254927, 0.0],
		[0.0, 0.0, 0.0313432804622458]
	],
	"qj_ini_RSDA" : 0.0,
	"k_RSDA" : 1000.0,
	"c_RSDA" : 200.0,
	"pen_z_ref" : null,
	"k_contact" : null,
	"c_contact" : null
}