{
	"name" : "Subsystem31(RR_Yaw_Motor)",
	"subsystem id" : 3,
	"joint id" : "revolute",
	"parent id" : 0,
	"child id" : 1,
	"flag contact" : false,
	"flag motion" : false,
	"qj" : 0.0,
	"Cij" : [
		[-0.173648914308665, 0.984807623122111, 0.0],
		[-0.984807623122111, -0.173648914308665, 0.0],
		[0.0, 0.0, 1.0]
	],
	"Cjj" : [
		[3.04563763880793e-6, 0.999999999738966, 0.0000226448954403039],
		[-0.0277027822569005, -0.0000225518317900944, 0.999616204023645],
		[0.999616204273396, -3.67179534294974e-6, 0.0277027821809844]
	],
	"sijp" : [-1.1021, -0.7482, -0.0055],
	"sjcp" : null,
	"rhojp" : [-0.0000138707, -0.00476048, 0.00543001],
	"dqj" : 0.0,
	"mj" : 10.2971828189031,
	"Jjcp" : [
		[0.025878862821322, 2.9072629975967e-20, 1.98528053807711e-19],
		[2.9072629975967e-20, 0.0259439600030161, 6.30546316366273e-19],
		[1.98528053807711e-19, 6.30546316366273e-19, 0.0313429528043417]
	],
	"qj_ini_RSDA" : 0.0,
	"k_RSDA" : 1000.0,
	"c_RSDA" : 200.0,
	"pen_z_ref" : null,
	"k_contact" : null,
	"c_contact" : null
}