{
	"name" : "Subsystem11(FR_Yaw_Motor)",
	"subsystem id" : 1,
	"joint id" : "revolute",
	"parent id" : 0,
	"child id" : 1,
	"flag contact" : false,
	"flag motion" : false,
	"qj" : 0.0,
	"Cij" : [
		[0.707106896725982, 0.707106665647094, 0.0],
		[-0.707106665647094, 0.707106896725982, 0.0],
		[0.0, 0.0, 1.0]
	],
	"Cjj" : [
		[-0.0267504817887896, -0.999642141830799, 0.0],
		[0.999641933280409, -0.026750476207969, 0.000645948955079619],
		[-0.000645717796969157, 0.000017279445759345, 0.999999791374952]
	],
	"sijp" : [0.4162, -0.7601, -0.0055],
	"sjcp" : null,
	"rhojp" : [-0.0000247174, -0.0048259, 0.00543804],
	"dqj" : 0.0,
	"mj" : 10.2819193906139,
	"Jjcp" : [
		[0.0258101369328484, 7.78629900547187e-20, -1.98135095935943e-19],
		[7.78629900547187e-20, 0.0258745205490248, 3.16765043760832e-18],
		[-1.98135095935943e-19, 3.16765043760832e-18, 0.0312984162976239]
	],
	"qj_ini_RSDA" : 0.0,
	"k_RSDA" : 1000.0,
	"c_RSDA" : 200.0,
	"pen_z_ref" : null,
	"k_contact" : null,
	"c_contact" : null
}