{
	"name" : "Subsystem54(ML_Leg)",
	"subsystem id" : 5,
	"joint id" : "revolute",
	"parent id" : 3,
	"child id" : 4,
	"flag contact" : true,
	"flag motion" : false,
	"qj" : 0.0,
	"Cij" : [
		[-6.12323399573677e-17, 6.12323399573677e-17, 1.0],
		[-1.0, -1.22464679914735e-16, -6.12323399573677e-17],
		[1.22464679914735e-16, -1.0, 6.12323399573677e-17],
	],
	"Cjj" : [
		[0.475660634949426, 0.00210117268897723, 0.879626366949536],
		[0.879027014990461, 0.0358506192713369, -0.475422170302165],
		[-0.0325340940625103, 0.999354951041517, 0.0152057407691631]
	],
	"sijp" : [0.00000301562, -0.00000996895, 0.263181],
	"sjcp" : [0.480737, 0.824261, -0.0044],
	"rhojp" : [0.276829, 0.381056, 0.0123025],
	"dqj" : 0.0,
	"mj" : 20.0656847137369,
	"Jjcp" : [
		[0.134993327041877, 0.0, 7.86264442503172e-18],
		[0.0, 0.931334862133233, 3.13790012069654e-18],
		[7.86264442503172e-18, 3.13790012069654e-18, 0.998133153045149]
	],
	"qj_ini_RSDA" : 0.0,
	"k_RSDA" : 1000.0,
	"c_RSDA" : 300.0,
	"pen_z_ref" : -0.5,
	"k_contact" : 600000.0,
	"c_contact" : 1500.0
}