{
	"name" : "Subsystem21(MR_Yaw_Motor)",
	"subsystem id" : 2,
	"joint id" : "revolute",
	"parent id" : 0,
	"child id" : 1,
	"flag contact" : false,
	"flag motion" : false,
	"qj" : 0.0,
	"Cij" : [
		[-3.67320510334657e-6, 0.999999999993254, 0.0],
		[-0.999999999993254, -3.67320510334657e-6, 0.0],
		[0.0, 0.0, 1.0],
	],
	"Cjj" : [
		[-3.67391917944775e-6, -0.999999999993251, -2.57689081018526e-8],
		[-0.0277001296092486, 1.27527057444914e-7, -0.999616277788439],
		[0.999616277781696, -0.0000036717956129608, -0.0277001296095302]
	],
	"sijp" : [-0.3439, -0.817, -0.0055],
	"sjcp" : null,
	"rhojp" : [-0.0000190566, -0.00475137, 0.00543001],
	"dqj" : 0.0,
	"mj" : 10.2971822855554,
	"Jjcp" : [
		[0.0258788614643294, 0.0, 0.0],
		[0.0, 0.0259439568186455, 0.0],
		[0.0, 0.0, 0.0313429509766928]
	],
	"qj_ini_RSDA" : 0.0,
	"k_RSDA" : 1000.0,
	"c_RSDA" : 200.0,
	"pen_z_ref" : null,
	"k_contact" : null,
	"c_contact" : null
}