{
	"name" : "Subsystem33(RR_Pitch_Arm)",
	"subsystem id" : 3,
	"joint id" : "revolute",
	"parent id" : 2,
	"child id" : 3,
	"flag contact" : false,
	"flag motion" : false,
	"qj" : 0.0,
	"Cij" : [
		[-0.0866501001445913, -0.00860101127833569, 0.996201677749],
		[0.0235672489784385, -0.999700590615275, -0.0065813295813165],
		[0.995960011707559, 0.0229074601049432, 0.0868268584656836],
	],
	"Cjj" : [
		[0.0848038544068639, -0.0344375339202945, 0.995802371223943],
		[0.0301704785974279, 0.999033046567287, 0.0319799013082815],
		[-0.995940785638856, 0.0273318152337866, 0.0857608499088284]
	],
	"sijp" : [0.394592, -0.000113845, -0.000510475],
	"sjcp" : null,
	"rhojp" : [-0.0159343, 0.00155597, 0.180794],
	"dqj" : 0.0,
	"mj" : 10.0183601566432,
	"Jjcp" : [
		[0.0589824022324755, -1.03311168116114e-17, -2.52325536995611e-19],
		[-1.03311168116114e-17, 0.127126453059901, 8.12678177107177e-18],
		[-2.52325536995611e-19, 8.12678177107177e-18, 0.134958622943331]
	],
	"qj_ini_RSDA" : 0.0,
	"k_RSDA" : 10000.0,
	"c_RSDA" : 200.0,
	"pen_z_ref" : null,
	"k_contact" : null,
	"c_contact" : null
}