{
	"name" : "Subsystem23(MR_Pitch_Arm)",
	"subsystem id" : 2,
	"joint id" : "revolute",
	"parent id" : 2,
	"child id" : 3,
	"flag contact" : false,
	"flag motion" : false,
	"qj" : 0.0,
	"Cij" : [
		[3.67321859573274e-6, 3.67319161088606e-6, 0.999999999986508],
		[-3.67319161088606e-6, -0.999999999986508, 3.67320510332179e-6],
		[0.999999999986508, -3.67320510332179e-6, -3.67320510334657e-6]
	],
	"Cjj" : [
		[-0.00133206795837257, -0.00892618775731517, 0.999959273554216],
		[0.0221834666940334, 0.999713822944794, 0.00895354781855712],
		[-0.999753029202907, 0.0221944899744426, -0.00113367296226782]
	],
	"sijp" : [0.394589, -0.000118418, -0.000496984],
	"sjcp" : null,
	"rhojp" : [-0.00013403, 0.00308332, 0.181469],
	"dqj" : 0.0,
	"mj" : 10.0185273987127,
	"Jjcp" : [
		[0.0589792866833088, 0.0, -8.4102805771647e-20],
		[0.0, 0.127120106057532, -4.54616702127348e-19],
		[-8.4102805771647e-20, -4.54616702127348e-19, 0.1349485800605]
	],
	"qj_ini_RSDA" : 0.0,
	"k_RSDA" : 10000.0,
	"c_RSDA" : 200.0,
	"pen_z_ref" : null,
	"k_contact" : null,
	"c_contact" : null
}