{
	"name" : "Subsystem63(RL_Pitch_Arm)",
	"subsystem id" : 6,
	"joint id" : "revolute",
	"parent id" : 2,
	"child id" : 3,
	"flag contact" : false,
	"flag motion" : false,
	"qj" : 0.0,
	"Cij" : [
		[0.0866473941441873, -0.00860158704018567, 0.99620190814333],
		[-0.0235745757288947, -0.999700417855324, -0.00658133110339888],
		[0.995960073731485, -0.0229147821346848, -0.0868242148970866],
	],
	"Cjj" : [
		[-0.0855015795086802, -0.0241009494975652, -0.996046496974332],
		[0.0329187017407524, -0.999229924701448, 0.0213522049644075],
		[-0.995794074584311, -0.0309629103033693, 0.0862291088224926]
	],
	"sijp" : [0.394596, -0.000106359, 0.00050895],
	"sjcp" : null,
	"rhojp" : [0.0157551, 0.0016216, 0.180482],
	"dqj" : 0.0,
	"mj" : 10.0420142454904,
	"Jjcp" : [
		[0.0590737693159287, -2.06935929161959e-17, 1.81081335351971e-18],
		[-2.06935929161959e-17, 0.127317545376744, 8.9917718640581e-18],
		[1.81081335351971e-18, 8.9917718640581e-18, 0.135133268461012]
	],
	"qj_ini_RSDA" : 0.0,
	"k_RSDA" : 10000.0,
	"c_RSDA" : 200.0,
	"pen_z_ref" : null,
	"k_contact" : null,
	"c_contact" : null
}