{
	"name" : "Subsystem13(FR_Pitch_Arm)",
	"subsystem id" : 1,
	"joint id" : "revolute",
	"parent id" : 2,
	"child id" : 3,
	"flag contact" : false,
	"flag motion" : false,
	"qj" : 0.0,
	"Cij" : [
		[3.67321859573274e-6, 3.67319161088606e-06, 0.999999999986508],
		[-3.67319161088606e-6, -0.999999999986508, 3.67320510332179e-6],
		[0.999999999986508, -3.67320510332179e-6, -3.67320510334657e-6],
	],
	"Cjj" : [
		[0.00110841187008073, -0.00850446522623788, -0.999963222070863],
		[-0.021376022998092, 0.999735149535222, -0.0085262198290049],
		[0.999770892286784, 0.0213846873954983, 0.000926326662419238]
	],
	"sijp" : [0.394588, -0.00012093, -0.000616872],
	"sjcp" : null,
	"rhojp" : [-0.000199136, 0.00313034, 0.18148],
	"dqj" : 0.0,
	"mj" : 10.0175796163872,
	"Jjcp" : [
		[0.0589846606961073, -1.0328953049871e-17, -2.52298786747261e-18],
		[-1.0328953049871e-17, 0.127085215729998, 1.81813605549609e-18],
		[-2.52298786747261e-18, 1.81813605549609e-18, 0.134935803855315]
	],
	"qj_ini_RSDA" : 0.0,
	"k_RSDA" : 10000.0,
	"c_RSDA" : 200.0,
	"pen_z_ref" : null,
	"k_contact" : null,
	"c_contact" : null
}