{
	"name" : "Subsystem32(RR_Roll_Arm)",
	"subsystem id" : 3,
	"joint id" : "revolute",
	"parent id" : 1,
	"child id" : 2,
	"flag contact" : false,
	"flag motion" : false,
	"qj" : 0.0,
	"Cij" : [
		[0.500004241452595, 0.866022954962727, 2.65358979333483e-6],
		[1.85427378606832e-6, -4.13468780548688e-6, 0.999999999989733],
		[0.866022954964808, -0.50000424144254, -3.67320510334657e-6]
	],
	"Cjj" : [
		[-0.999892944149591, 0.0146321319156679, 0.0000309105999909578],
		[-0.0000311461866579393, -0.0000158727590556989, -0.999999999388985],
		[-0.0146321314160909, -0.999892944501389, 0.0000163267948958288]
	],
	"sijp" : [0.0, 0.0, 0.0],
	"sjcp" : null,
	"rhojp" : [0.217342, -0.000116109, -0.00105783],
	"dqj" : 0.0,
	"mj" : 10.00254202851,
	"Jjcp" : [
		[0.0507010981674715, -4.17908310840592e-18, 2.62924301166818e-17],
		[-4.17908310840592e-18, 0.168305937524365, 3.07415548147019e-19],
		[2.62924301166818e-17, 3.07415548147019e-19, 0.186120058784835]
	],
	"qj_ini_RSDA" : 0.0,
	"k_RSDA" : 10000.0,
	"c_RSDA" : 400.0,
	"pen_z_ref" : null,
	"k_contact" : null,
	"c_contact" : null
}