{
	"name" : "Subsystem42(FL_Roll_Arm)",
	"subsystem id" : 4,
	"joint id" : "revolute",
	"parent id" : 1,
	"child id" : 2,
	"flag contact" : false,
	"flag motion" : false,
	"qj" : 0.0,
	"Cij" : [
		[0.500004241452595, 0.866022954962727, 2.65358979333483e-6],
		[1.85427378606832e-6, -4.13468780548688e-6, 0.999999999989733],
		[0.866022954964808, -0.50000424144254, -3.67320510334657e-6],
	],
	"Cjj" : [
		[-0.995990356930526, 0.0894606527374999, -0.0000226535858971898],
		[-0.0000750159240414485, -0.00058194919633344, 0.999999827853857],
		[0.0894606241539575, 0.995990187174007, 0.00058632676130203]
	],
	"sijp" : [0.0, 0.0, 0.0],
	"sjcp" : null,
	"rhojp" : [0.216179, -0.000121238, 0.00636455],
	"dqj" : 0.0,
	"mj" : 10.0358394423831,
	"Jjcp" : [
		[0.0503437380145373, 9.16550381255514e-18, -1.32037555221013e-17],
		[9.16550381255514e-18, 0.169804312944856, -1.73557558678273e-17],
		[-1.32037555221013e-17, -1.73557558678273e-17, 0.187513975782369]
	],
	"qj_ini_RSDA" : 0.0,
	"k_RSDA" : 10000.0,
	"c_RSDA" : 400.0,
	"pen_z_ref" : null,
	"k_contact" : null,
	"c_contact" : null
}