{
	"name" : "Subsystem61(RL_Yaw_Motor)",
	"subsystem id" : 6,
	"joint id" : "revolute",
	"parent id" : 0,
	"child id" : 1,
	"flag contact" : false,
	"flag motion" : false,
	"qj" : 0.0,
	"Cij" : [
		[-0.173648914308665, -0.984807623122111, 0.0],
		[0.984807623122111, -0.173648914308665, 0.0],
		[0.0, 0.0, 1.0],
	],
	"Cjj" : [
		[3.04569772907355e-6, 0.999999999738966, -0.0000226448971055308],
		[0.0277001296854469, 0.0000225518415335334, 0.999616277531946],
		[0.999616277781696, -0.0000036717956129608, -0.0277001296095302]
	],
	"sijp" : [-1.1021, 0.7482, -0.0055],
	"sjcp" : null,
	"rhojp" : [-0.00000522628, 0.00475896, 0.00543001],
	"dqj" : 0.0,
	"mj" : 10.2971828517104,
	"Jjcp" : [
		[0.0258788629041144, -2.79834695473817e-21, 0.0],
		[-2.79834695473817e-21, 0.0259439601017519, -4.09302152494716e-19],
		[0.0, -4.09302152494716e-19, 0.0313429528970389]
	],
	"qj_ini_RSDA" : 0.0,
	"k_RSDA" : 1000.0,
	"c_RSDA" : 200.0,
	"pen_z_ref" : null,
	"k_contact" : null,
	"c_contact" : null
}