{
	"name" : "Subsystem41(FL_Yaw_Motor)",
	"subsystem id" : 4,
	"joint id" : "revolute",
	"parent id" : 0,
	"child id" : 1,
	"flag contact" : false,
	"flag motion" : false,
	"qj" : 0.0,
	"Cij" : [
		[0.707106896725982, -0.707106665647094, 0.0],
		[0.707106665647094, 0.707106896725982, 0.0],
		[0.0, 0.0, 1.0],
	],
	"Cjj" : [
		[-0.00224262052676858, -0.999997267105312, 0.000660632333300543],
		[0.0135443999804885, -0.000690948413763393, -0.999908031680643],
		[0.999905755500158, -0.00223346640816551, 0.0135459125001654]
	],
	"sijp" : [0.4158, 0.7605, -0.0055],
	"sjcp" : null,
	"rhojp" : [-0.0000193827, 0.00533991, 0.00555151],
	"dqj" : 0.0,
	"mj" : 10.2930619562804,
	"Jjcp" : [
		[0.0253621994029056, 0.0, 0.0],
		[0.0, 0.0254178121634915, -7.51327250007229e-19],
		[0.0, -7.51327250007229e-19, 0.0313835874122763]
	],
	"qj_ini_RSDA" : 0.0,
	"k_RSDA" : 1000.0,
	"c_RSDA" : 200.0,
	"pen_z_ref" : null,
	"k_contact" : null,
	"c_contact" : null
}