{
	"name" : "Subsystem53(ML_Pitch_Arm)",
	"subsystem id" : 5,
	"joint id" : "revolute",
	"parent id" : 2,
	"child id" : 3,
	"flag contact" : false,
	"flag motion" : false,
	"qj" : 0.0,
	"Cij" : [
		[-6.12323399573677e-17, -6.12323399573677e-17, 1.0],
		[6.12323399573677e-17, -1.0, -6.12323399573677e-17],
		[1.0, 6.12323399573677e-17, 6.12323399573677e-17],
	],
	"Cjj" : [
		[0.0000933104988537306, 0.000376416881610367, -0.999999924801738],
		[0.000963708239429545, -0.999999464822147, -0.000376326784362937],
		[-0.99999953127968, -0.00096367305172038, -0.0000936732049662864]
	],
	"sijp" : [0.394594, -0.000110816, 0.000496984],
	"sjcp" : null,
	"rhojp" : [0.0000234278, -0.0000200241, 0.122713],
	"dqj" : 0.0,
	"mj" : 10.0633255589491,
	"Jjcp" : [
		[0.0258472457282304, 4.84702426012184e-18, 2.37088019983951e-21],
		[4.84702426012184e-18, 0.0614689808787315, 0.0],
		[2.37088019983951e-21, 0.0, 0.0616227948234993]
	],
	"qj_ini_RSDA" : 0.0,
	"k_RSDA" : 10000.0,
	"c_RSDA" : 200.0,
	"pen_z_ref" : null,
	"k_contact" : null,
	"c_contact" : null
}