{
	"name" : "BaseBody",
	"subsystem id" : 0,
	"joint id" : null,
	"parent id" : null,
	"child id" : 0,
	"flag contact" : false,
	"flag motion" : false,
	"p0" : [ 1.0, 0.0, 0.0, 0.0],
	"C00" : [
		[-8.48930710762863e-5, -0.9999997891159, 0.000643864365736169],
		[0.999999994492591, -8.48533211723623e-5, 6.17635215072226e-5],
		[-6.17088744524607e-5, 0.000643869605485166, 0.999999790811951]
	],
	"r0" : [0.0, 0.0, -0.5],
	"rho0p" : [-0.354345, 0.000365387, -0.0545106],
	"w0" : [0.0, 0.0, 0.0],
	"dr0" : [0.0, 0.0, 0.0],
	"m0" : 100.040817425061,
	"J0cp" : [
		[37.1545707121154, -7.37730934349663e-16, 0.0],
		[-7.37730934349663e-16, 52.5460778941444, 1.51555563338351e-17],
		[0.0, 1.51555563338351e-17, 87.2392565983277]
	]
}