{
	"name" : "Subsystem44(FL_Leg)",
	"subsystem id" : 4,
	"joint id" : "revolute",
	"parent id" : 3,
	"child id" : 4,
	"flag contact" : true,
	"flag motion" : true,
	"qj" : 0.0,
	"Cij" : [
		[3.67321485051321e-6, -3.67319535612929e-6, 0.999999999986508],
		[-0.999999999989733, -2.65360328577056e-6, 3.67320510332179e-6],
		[2.65358979333483e-6, -0.999999999989733, -3.67320510334657e-6]
	],
	"Cjj" : [
		[-0.475407988776048, -0.000838097717042099, 0.879765049203553],
		[-0.878950588709508, -0.0425776107308617, -0.475008431158501],
		[0.0378563972813359, -0.999092810832241, 0.0195050898026582]
	],
	"sijp" : [0.0000308718, 0.0000312329, 0.26096],
	"sjcp" : [0.476354, 0.826908, -0.00346482],
	"rhojp" : [0.278336, 0.384882, 0.0083977],
	"dqj" : 0.0,
	"mj" : 20.0006548965592,
	"Jjcp" : [
		[0.131191418385528, 7.57134339832764e-18, -8.01970133200187e-18],
		[7.57134339832764e-18, 0.95995415945135, 3.18440455224657e-17],
		[-8.01970133200187e-18, 3.18440455224657e-17, 1.02456934738811]
	],
	"qj_ini_RSDA" : 0.0,
	"k_RSDA" : 1000.0,
	"c_RSDA" : 200.0,
	"pen_z_ref" : -10.5,
	"k_contact" : 600000.0,
	"c_contact" : 1500.0
}