{
	"name" : "Subsystem14(FR_Leg)",
	"subsystem id" : 1,
	"joint id" : "revolute",
	"parent id" : 3,
	"child id" : 4,
	"flag contact" : true,
	"flag motion" : false,
	"qj" : 0.0,
	"Cij" : [
		[3.67321485051321e-6, -3.67319535612929e-6, 0.999999999986508],
		[-0.999999999989733, -2.65360328577056e-6, 3.67320510332179e-6],
		[2.65358979333483e-6, -0.999999999989733, -3.67320510334657e-6]
	],
	"Cjj" : [
		[0.472692640884109, 0.00923827737358007, -0.881178938403078],
		[0.880046124230102, 0.0468083869080699, 0.472575702023116],
		[0.0456123500993174, -0.998861166101793, 0.013995869825919]
	],
	"sijp" : [-0.0000902343, 0.0000258871, 0.263276],
	"sjcp" : [0.476354, 0.826908, 0.00346482],
	"rhojp" : [0.276408, 0.382057, -0.00773825],
	"dqj" : 0.0,
	"mj" : 20.0796101179267,
	"Jjcp" : [
		[0.132718572855237, 7.51742426080935e-18, 0.0],
		[7.51742426080935e-18, 0.950656438337304, 1.02755461053306e-16],
		[0.0, 1.02755461053306e-16, 1.01563369882698]
	],
	"qj_ini_RSDA" : 0.0,
	"k_RSDA" : 1000.0,
	"c_RSDA" : 200.0,
	"pen_z_ref" : -10.5,
	"k_contact" : 600000.0,
	"c_contact" : 1500.0
}