{
	"name" : "Subsystem43(FL_Pitch_Arm)",
	"subsystem id" : 4,
	"joint id" : "revolute",
	"parent id" : 2,
	"child id" : 3,
	"flag contact" : false,
	"flag motion" : true,
	"qj" : 0.0,
	"Cij" : [
		[3.67321859573274e-6, 3.67319161088606e-6, 0.999999999986508],
		[-3.67319161088606e-6, -0.999999999986508, 3.67320510332179e-6],
		[0.999999999986508, -3.67320510332179e-6, -3.67320510334657e-6]
	],
	"Cjj" : [
		[-0.000142677110158755, -0.00215031718960039, -0.999997677886917],
		[-0.023734458864777, 0.999715994045775, -0.00214632510672268],
		[0.999718287871958, 0.0237340975192159, -0.000193673203892731]
	],
	"sijp" : [0.394591, -0.000115555, 0.0000573939],
	"sjcp" : null,
	"rhojp" : [-0.00000365857, 0.00320161, 0.178836],
	"dqj" : 0.0,
	"mj" : 10.0418725328818,
	"Jjcp" : [
		[0.0590717162818646, 1.03458786122802e-17, -4.63223685742944e-18],
		[1.03458786122802e-17, 0.127303063970477, -1.72711407286028e-17],
		[-4.63223685742944e-18, -1.72711407286028e-17, 0.135132119622239]
	],
	"qj_ini_RSDA" : 0.0,
	"k_RSDA" : 10000.0,
	"c_RSDA" : 200.0,
	"pen_z_ref" : null,
	"k_contact" : null,
	"c_contact" : null
}