{
	"name" : "Subsystem22(MR_Roll_Arm)",
	"subsystem id" : 2,
	"joint id" : "revolute",
	"parent id" : 1,
	"child id" : 2,
	"flag contact" : false,
	"flag motion" : false,
	"qj" : 0.0,
	"Cij" : [
		[0.500004241452595, 0.866022954962727, 2.65358979333483e-6],
		[1.85427378606832e-6, -4.13468780548688e-6, 0.999999999989733],
		[0.866022954964808, -0.50000424144254, -3.67320510334657e-6]
	],
	"Cjj" : [
		[-0.999939470939862, 0.0110024314782628, 0.0000309527999948487],
		[-0.0000309105122780803, 4.01353883237751e-6, -0.999999999514216],
		[-0.0110024315971483, -0.999939471410874, -3.67320510334657e-6]
	],
	"sijp" : [0.0, 0.0, 0.0],
	"sjcp" : null,
	"rhojp" : [0.217032, -0.000120686, -0.000788419],
	"dqj" : 0.0,
	"mj" : 10.0223814417666,
	"Jjcp" : [
		[0.0510509117137332, 0.0, 1.32141999991437e-17],
		[0.0, 0.168881400373029, 0.0],
		[1.32141999991437e-17, 0.0, 0.186994953054837]
	],
	"qj_ini_RSDA" : 0.0,
	"k_RSDA" : 10000.0,
	"c_RSDA" : 200.0,
	"pen_z_ref" : null,
	"k_contact" : null,
	"c_contact" : null
}