{
	"name" : "Subsystem12",
	"subsystem id" : 1,
	"joint id" : "revolute",
	"parent id" : 1,
	"child id" : 2,
	"flag contact" : false,
	"flag motion" : false,
	"qj" : 0.0,
	"Cij" : [
		[0.500004241435712, 0.866022954972475, -2.65358979333483e-6],
		[4.50788608953622e-6, 4.61451542751692e-7, 0.999999999989733],
		[0.866022954964808, -0.50000424144254, -3.67320510334657e-6]
	],
	"Cjj" : [
		[-0.999873236446214, 0.0159219986585495, 0.000031579894930503],
		[-0.0000405929406985696, -0.000565752160631074, -0.99999983913834],
		[-0.0159219782309166, -0.999873076886867, 0.00056632676462398]
	],
	"sijp" : [0.0, 0.0, 0.0],
	"sjcp" : null,
	"rhojp" : [0.21636, -0.000124051, -0.00176342],
	"dqj" : 0.0,
	"mj" : 10.0858264172278,
	"Jjcp" : [
		[0.0521946418711551, 7.58916478676241e-18, -1.32176315847338e-17],
		[7.58916478676241e-18, 0.16654814024543, 2.13997939824502e-17],
		[-1.32176315847338e-17, 2.13997939824502e-17, 0.185913040847756]
	],
	"qj_ini_RSDA" : 0.0,
	"k_RSDA" : 10000.0,
	"c_RSDA" : 400.0,
	"pen_z_ref" : null,
	"k_contact" : null,
	"c_contact" : null
}