{
	"name" : "Subsystem34(RR_Leg)",
	"subsystem id" : 3,
	"joint id" : "revolute",
	"parent id" : 3,
	"child id" : 4,
	"flag contact" : true,
	"flag motion" : false,
	"qj" : 0.0,
	"Cij" : [
		[0.0235742749049082, 0.0866501235494275, 0.995959843393084],
		[-0.999700449042493, 0.00859797574055027, 0.0229147768351207],
		[-0.00657767032818521, -0.996201701916853, 0.0868268584656836]
	],
	"Cjj" : [
		[-0.470567477100875, 0.00448031214794415, 0.882352637157035],
		[-0.881530709606436, 0.041062337083241, -0.470337636697336],
		[-0.0383387208405592, -0.999146541442405, -0.0153730676180909]
	],
	"sijp" : [-0.0228166, -0.00221323, 0.262262],
	"sjcp" : [0.484103, 0.822434, 0.00111111],
	"rhojp" : [0.275951, 0.381784, -0.00998877],
	"dqj" : 0.0,
	"mj" : 20.0761459146157,
	"Jjcp" : [
		[0.13548812427997, 0.0, 7.87380360429766e-18],
		[0.0, 0.932841919409967, 4.31523553198749e-17],
		[7.87380360429766e-18, 4.31523553198749e-17, 0.999246563025739]
	],
	"qj_ini_RSDA" : 0.0,
	"k_RSDA" : 1000.0,
	"c_RSDA" : 200.0,
	"pen_z_ref" : -1.0,
	"k_contact" : 600000.0,
	"c_contact" : 1500.0
}