{
	"name" : "Subsystem24(MR_Leg)",
	"subsystem id" : 2,
	"joint id" : "revolute",
	"parent id" : 3,
	"child id" : 4,
	"flag contact" : true,
	"flag motion" : false,
	"qj" : 0.0,
	"Cij" : [
		[3.67321485051321e-6, -3.67319535612929e-6, 0.999999999986508],
		[-0.999999999989733, -2.65360328577056e-6, 3.67320510332179e-6],
		[2.65358979333483e-6, -0.999999999989733, -3.67320510334657e-6]
	],
	"Cjj" : [
		[-0.47582599605496, -0.000778404274173375, 0.879539092687239],
		[-0.879034665386378, 0.0342953299049133, -0.47552275171202],
		[-0.0297939344055777, -0.999411439014733, -0.0170028538527222]
	],
	"sijp" : [-0.00000301562, -0.0000175708, 0.263185],
	"sjcp" : [0.480737, 0.824261, 0.0044],
	"rhojp" : [0.276869, 0.3811, -0.0126194],
	"dqj" : 0.0,
	"mj" : 20.0807555271339,
	"Jjcp" : [
		[0.135168263513759, -7.40163738428084e-18, 0.0],
		[-7.40163738428084e-18, 0.93152010019116, 2.09257648792479e-18],
		[0.0, 2.09257648792479e-18, 0.998541046179367]
	],
	"qj_ini_RSDA" : 0.0,
	"k_RSDA" : 1000.0,
	"c_RSDA" : 200.0,
	"pen_z_ref" : -10.5,
	"k_contact" : 600000.0,
	"c_contact" : 1500.0
}