{
	"name" : "Subsystem64(RL_Leg)",
	"subsystem id" : 6,
	"joint id" : "revolute",
	"parent id" : 3,
	"child id" : 4,
	"flag contact" : true,
	"flag motion" : false,
	"qj" : 0.0,
	"Cij" : [
		[-0.0235669132448636, -0.0866475438993265, 0.995960242045998],
		[-0.999700622603162, 0.00859727838728183, -0.0229074654028151],
		[-0.00657767184942131, -0.996201932311189, -0.0868242148970866]
	],
	"Cjj" : [
		[0.469530372425789, 0.000624473532275289, 0.882916099865954],
		[0.882219391218198, 0.0393931622431227, -0.469187728448943],
		[-0.0350738524871694, 0.99922359299673, 0.0179453634795671]
	],
	"sijp" : [0.0229014, -0.00230839, 0.262307],
	"sjcp" : [0.484003, 0.822491, -0.00119222],
	"rhojp" : [0.277373, 0.385141, 0.0100891],
	"dqj" : 0.0,
	"mj" : 20.0064821315473,
	"Jjcp" : [
		[0.134418095952786, 7.48322620709855e-18, 7.93959081141872e-18],
		[7.48322620709855e-18, 0.944028456297395, 5.84662495730894e-17],
		[7.93959081141872e-18, 5.84662495730894e-17, 1.00979752708016]
	],
	"qj_ini_RSDA" : 0.0,
	"k_RSDA" : 1000.0,
	"c_RSDA" : 300.0,
	"pen_z_ref" : -0.5,
	"k_contact" : 600000.0,
	"c_contact" : 1500.0
}