{
	"name" : "Subsystem62(RL_Roll_Arm)",
	"subsystem id" : 6,
	"joint id" : "revolute",
	"parent id" : 1,
	"child id" : 2,
	"flag contact" : false,
	"flag motion" : false,
	"qj" : 0.0,
	"Cij" : [
		[0.500004241452595, 0.866022954962727, 2.65358979333483e-6],
		[1.85427378606832e-6, -4.13468780548688e-6, 0.999999999989733],
		[0.866022954964808, -0.50000424144254, -3.67320510334657e-6]
	],
	"Cjj" : [
		[-0.999892873168729, 0.0146369778345097, -0.0000326535897829533],
		[-0.0000328890666556589, -0.0000158470960053721, 0.999999999333589],
		[0.0146369773072909, 0.999892873576336, 0.0000163267948958288]
	],
	"sijp" : [0.0, 0.0, 0.0],
	"sjcp" : null,
	"rhojp" : [0.217346, -0.000108623, 0.0010563],
	"dqj" : 0.0,
	"mj" : 10.0025420285101,
	"Jjcp" : [
		[0.0507010981674659, -7.59833292437415e-19, 0.0],
		[-7.59833292437415e-19, 0.168305937524364, -1.16817908295865e-17],
		[0.0, -1.16817908295865e-17, 0.186120058784828]
	],
	"qj_ini_RSDA" : 0.0,
	"k_RSDA" : 10000.0,
	"c_RSDA" : 400.0,
	"pen_z_ref" : null,
	"k_contact" : null,
	"c_contact" : null
}