{
	"name" : "Subsystem52(ML_Roll_Arm)",
	"subsystem id" : 5,
	"joint id" : "revolute",
	"parent id" : 1,
	"child id" : 2,
	"flag contact" : false,
	"flag motion" : false,
	"qj" : 0.0,
	"Cij" : [
		[0.500004241445914, 0.86602295497065, 1.22464679914735e-16],
		[-1.14261471374331e-16, -7.5440794286952e-17, 1.0],
		[0.86602295497065, -0.500004241445914, 6.12323399573677e-17]
	],
	"Cjj" : [
		[-0.988926403505303, 0.148406763268424, -0.0000326535897866519],
		[-0.0000332309362792995, -1.41072095773091e-6, 0.999999999446857],
		[0.148406763140269, 0.988926404043395, 6.32679489666847e-6]
	],
	"sijp" : [0.0, 0.0, 0.0],
	"sjcp" : null,
	"rhojp" : [0.231, -0.000112594, 0.00711444],
	"dqj" : 0.0,
	"mj" : 10.0275693405396,
	"Jjcp" : [
		[0.0450292437208954, 5.39794001281461e-18, 0.0],
		[5.39794001281461e-18, 0.149452041321346, 4.30808187009053e-18],
		[0.0, 4.30808187009053e-18, 0.160977973155795]
	],
	"qj_ini_RSDA" : 0.0,
	"k_RSDA" : 10000.0,
	"c_RSDA" : 400.0,
	"pen_z_ref" : null,
	"k_contact" : null,
	"c_contact" : null
}